{ "about": "RRDtool graph JSON output",
  "meta": {
    "start": 1684590720,
    "end": 1684677120,
    "step": 240,
    "legend": [
      "Nucleus",
      "Player",
      "AnyDesk",
      "TeamViewer"
          ]
     },
  "data": [
    [ null, null, null, null ],
    [ 1.6260295182e+01, 1.9000000000e+00, 1.2924993040e+01, 0.0000000000e+00 ],
    [ 1.5132825338e+01, 1.9000000000e+00, 1.4062693132e+01, 0.0000000000e+00 ],
    [ 1.7301660225e+01, 1.9000000000e+00, 1.4101289259e+01, 0.0000000000e+00 ],
    [ 1.8469006297e+01, 1.9000000000e+00, 1.8133442220e+01, 0.0000000000e+00 ],
    [ 2.0630201114e+01, 1.9000000000e+00, 1.5224980519e+01, 0.0000000000e+00 ],
    [ 2.0175264565e+01, 1.9000000000e+00, 1.4192551495e+01, 0.0000000000e+00 ],
    [ 1.7420806657e+01, 1.9000000000e+00, 1.3044426798e+01, 0.0000000000e+00 ],
    [ 1.6016835839e+01, 1.9000000000e+00, 1.2891842253e+01, 0.0000000000e+00 ],
    [ 1.7512315669e+01, 1.9000000000e+00, 1.5368616092e+01, 0.0000000000e+00 ],
    [ 1.7140778015e+01, 1.9000000000e+00, 1.6207536922e+01, 0.0000000000e+00 ],
    [ 1.9236714003e+01, 1.9000000000e+00, 1.4164816715e+01, 0.0000000000e+00 ],
    [ 1.6416075345e+01, 1.9000000000e+00, 1.7429005897e+01, 0.0000000000e+00 ],
    [ 2.1781785359e+01, 1.9000000000e+00, 1.7226087556e+01, 0.0000000000e+00 ],
    [ 2.0789249236e+01, 1.9000000000e+00, 1.0134862061e+01, 0.0000000000e+00 ],
    [ 1.6414225616e+01, 1.9000000000e+00, 2.0492800800e+00, 0.0000000000e+00 ],
    [ 2.1111205622e+01, 1.9000000000e+00, 9.0157908375e-01, 0.0000000000e+00 ],
    [ 1.7296066386e+01, 1.9000000000e+00, 2.0157509967e+00, 0.0000000000e+00 ],
    [ 1.5750683723e+01, 1.9000000000e+00, 9.8448525875e-01, 0.0000000000e+00 ],
    [ 2.2229013339e+01, 1.9000000000e+00, 2.7930577567e+00, 0.0000000000e+00 ],
    [ 1.7086153948e+01, 1.9000000000e+00, 7.1995848658e+00, 0.0000000000e+00 ],
    [ 1.5645947499e+01, 1.9000000000e+00, 1.4233450372e+01, 0.0000000000e+00 ],
    [ null, null, null, null ],
    [ null, null, null, null ],
    [ null, null, null, null ],
    [ null, null, null, null ],
    [ null, null, null, null ],
    [ null, null, null, null ],
    [ null, null, null, null ],
    [ null, null, null, null ],
    [ null, null, null, null ],
    [ null, null, null, null ],
    [ null, null, null, null ],
    [ null, null, null, null ],
    [ null, null, null, null ],
    [ null, null, null, null ],
    [ null, null, null, null ],
    [ null, null, null, null ],
    [ null, null, null, null ],
    [ null, null, null, null ],
    [ null, null, null, null ],
    [ null, null, null, null ],
    [ null, null, null, null ],
    [ null, null, null, null ],
    [ null, null, null, null ],
    [ null, null, null, null ],
    [ null, null, null, null ],
    [ null, null, null, null ],
    [ null, null, null, null ],
    [ null, null, null, null ],
    [ null, null, null, null ],
    [ null, null, null, null ],
    [ null, null, null, null ],
    [ null, null, null, null ],
    [ null, null, null, null ],
    [ null, null, null, null ],
    [ null, null, null, null ],
    [ null, null, null, null ],
    [ null, null, null, null ],
    [ null, null, null, null ],
    [ null, null, null, null ],
    [ null, null, null, null ],
    [ null, null, null, null ],
    [ null, null, null, null ],
    [ null, null, null, null ],
    [ null, null, null, null ],
    [ null, null, null, null ],
    [ null, null, null, null ],
    [ null, null, null, null ],
    [ null, null, null, null ],
    [ null, null, null, null ],
    [ null, null, null, null ],
    [ null, null, null, null ],
    [ null, null, null, null ],
    [ null, null, null, null ],
    [ null, null, null, null ],
    [ null, null, null, null ],
    [ null, null, null, null ],
    [ null, null, null, null ],
    [ null, null, null, null ],
    [ null, null, null, null ],
    [ null, null, null, null ],
    [ null, null, null, null ],
    [ null, null, null, null ],
    [ null, null, null, null ],
    [ null, null, null, null ],
    [ null, null, null, null ],
    [ null, null, null, null ],
    [ null, null, null, null ],
    [ null, null, null, null ],
    [ null, null, null, null ],
    [ null, null, null, null ],
    [ null, null, null, null ],
    [ null, null, null, null ],
    [ null, null, null, null ],
    [ null, null, null, null ],
    [ null, null, null, null ],
    [ null, null, null, null ],
    [ null, null, null, null ],
    [ null, null, null, null ],
    [ null, null, null, null ],
    [ null, null, null, null ],
    [ null, null, null, null ],
    [ null, null, null, null ],
    [ null, null, null, null ],
    [ null, null, null, null ],
    [ null, null, null, null ],
    [ null, null, null, null ],
    [ null, null, null, null ],
    [ null, null, null, null ],
    [ null, null, null, null ],
    [ null, null, null, null ],
    [ null, null, null, null ],
    [ null, null, null, null ],
    [ null, null, null, null ],
    [ null, null, null, null ],
    [ null, null, null, null ],
    [ null, null, null, null ],
    [ null, null, null, null ],
    [ null, null, null, null ],
    [ null, null, null, null ],
    [ null, null, null, null ],
    [ null, null, null, null ],
    [ null, null, null, null ],
    [ null, null, null, null ],
    [ null, null, null, null ],
    [ null, null, null, null ],
    [ null, null, null, null ],
    [ null, null, null, null ],
    [ null, null, null, null ],
    [ null, null, null, null ],
    [ null, null, null, null ],
    [ null, null, null, null ],
    [ null, null, null, null ],
    [ null, null, null, null ],
    [ null, null, null, null ],
    [ null, null, null, null ],
    [ null, null, null, null ],
    [ null, null, null, null ],
    [ null, null, null, null ],
    [ null, null, null, null ],
    [ null, null, null, null ],
    [ null, null, null, null ],
    [ null, null, null, null ],
    [ null, null, null, null ],
    [ null, null, null, null ],
    [ null, null, null, null ],
    [ null, null, null, null ],
    [ null, null, null, null ],
    [ null, null, null, null ],
    [ null, null, null, null ],
    [ null, null, null, null ],
    [ null, null, null, null ],
    [ null, null, null, null ],
    [ null, null, null, null ],
    [ null, null, null, null ],
    [ null, null, null, null ],
    [ null, null, null, null ],
    [ null, null, null, null ],
    [ null, null, null, null ],
    [ null, null, null, null ],
    [ null, null, null, null ],
    [ null, null, null, null ],
    [ null, null, null, null ],
    [ null, null, null, null ],
    [ null, null, null, null ],
    [ null, null, null, null ],
    [ null, null, null, null ],
    [ null, null, null, null ],
    [ null, null, null, null ],
    [ null, null, null, null ],
    [ null, null, null, null ],
    [ null, null, null, null ],
    [ null, null, null, null ],
    [ null, null, null, null ],
    [ null, null, null, null ],
    [ null, null, null, null ],
    [ null, null, null, null ],
    [ null, null, null, null ],
    [ null, null, null, null ],
    [ null, null, null, null ],
    [ null, null, null, null ],
    [ null, null, null, null ],
    [ null, null, null, null ],
    [ null, null, null, null ],
    [ null, null, null, null ],
    [ null, null, null, null ],
    [ null, null, null, null ],
    [ null, null, null, null ],
    [ null, null, null, null ],
    [ null, null, null, null ],
    [ null, null, null, null ],
    [ null, null, null, null ],
    [ null, null, null, null ],
    [ null, null, null, null ],
    [ null, null, null, null ],
    [ null, null, null, null ],
    [ null, null, null, null ],
    [ null, null, null, null ],
    [ null, null, null, null ],
    [ null, null, null, null ],
    [ null, null, null, null ],
    [ null, null, null, null ],
    [ null, null, null, null ],
    [ null, null, null, null ],
    [ null, null, null, null ],
    [ null, null, null, null ],
    [ null, null, null, null ],
    [ null, null, null, null ],
    [ null, null, null, null ],
    [ null, null, null, null ],
