{ "about": "RRDtool graph JSON output",
  "meta": {
    "start": 1684590720,
    "end": 1684677120,
    "step": 240,
    "legend": [
      "Nucleus",
      "Player",
      "AnyDesk",
      "TeamViewer"
          ]
     },
  "data": [
    [ null, null, null, null ],
    [ 1.3800000000e+01, 1.5161379871e+01, 1.4400000000e+01, 0.0000000000e+00 ],
    [ 1.3800000000e+01, 1.5128059390e+01, 1.4400000000e+01, 0.0000000000e+00 ],
    [ 1.3800000000e+01, 1.5103162843e+01, 1.4400000000e+01, 0.0000000000e+00 ],
    [ 1.3800000000e+01, 1.5122216574e+01, 1.4400000000e+01, 0.0000000000e+00 ],
    [ 1.3800000000e+01, 1.5248751560e+01, 1.4400000000e+01, 0.0000000000e+00 ],
    [ 1.3800000000e+01, 1.5033268950e+01, 1.4400000000e+01, 0.0000000000e+00 ],
    [ 1.3800000000e+01, 1.5095285593e+01, 1.4400000000e+01, 0.0000000000e+00 ],
    [ 1.3800000000e+01, 1.5206269568e+01, 1.4400000000e+01, 0.0000000000e+00 ],
    [ 1.3800000000e+01, 1.4980517607e+01, 1.4400000000e+01, 0.0000000000e+00 ],
    [ 1.3800000000e+01, 1.5068752969e+01, 1.4400000000e+01, 0.0000000000e+00 ],
    [ 1.3800000000e+01, 1.5137768602e+01, 1.4400000000e+01, 0.0000000000e+00 ],
    [ 1.3800000000e+01, 1.5088374725e+01, 1.4400000000e+01, 0.0000000000e+00 ],
    [ 1.3800000000e+01, 1.5160709489e+01, 1.4400000000e+01, 0.0000000000e+00 ],
    [ 1.3800000000e+01, 1.5216403564e+01, 1.3694247263e+01, 0.0000000000e+00 ],
    [ 1.3800000000e+01, 1.5265247729e+01, 1.2600000000e+01, 0.0000000000e+00 ],
    [ 1.3800000000e+01, 1.5312388833e+01, 1.2600000000e+01, 0.0000000000e+00 ],
    [ 1.3800000000e+01, 1.5065591538e+01, 1.2600000000e+01, 0.0000000000e+00 ],
    [ 1.3800000000e+01, 1.5169697768e+01, 1.2600000000e+01, 0.0000000000e+00 ],
    [ 1.3800000000e+01, 1.5174647276e+01, 1.2600000000e+01, 0.0000000000e+00 ],
    [ 1.3800000000e+01, 1.5032153958e+01, 1.3627244561e+01, 0.0000000000e+00 ],
    [ 1.3800000000e+01, 1.5323766009e+01, 1.4400000000e+01, 0.0000000000e+00 ],
    [ null, null, null, null ],
    [ null, null, null, null ],
    [ null, null, null, null ],
    [ null, null, null, null ],
    [ null, null, null, null ],
    [ null, null, null, null ],
    [ null, null, null, null ],
    [ null, null, null, null ],
    [ null, null, null, null ],
    [ null, null, null, null ],
    [ null, null, null, null ],
    [ null, null, null, null ],
    [ null, null, null, null ],
    [ null, null, null, null ],
    [ null, null, null, null ],
    [ null, null, null, null ],
    [ null, null, null, null ],
    [ null, null, null, null ],
    [ null, null, null, null ],
    [ null, null, null, null ],
    [ null, null, null, null ],
    [ null, null, null, null ],
    [ null, null, null, null ],
    [ null, null, null, null ],
    [ null, null, null, null ],
    [ null, null, null, null ],
    [ null, null, null, null ],
    [ null, null, null, null ],
    [ null, null, null, null ],
    [ null, null, null, null ],
    [ null, null, null, null ],
    [ null, null, null, null ],
    [ null, null, null, null ],
    [ null, null, null, null ],
    [ null, null, null, null ],
    [ null, null, null, null ],
    [ null, null, null, null ],
    [ null, null, null, null ],
    [ null, null, null, null ],
    [ null, null, null, null ],
    [ null, null, null, null ],
    [ null, null, null, null ],
    [ null, null, null, null ],
    [ null, null, null, null ],
    [ null, null, null, null ],
    [ null, null, null, null ],
    [ null, null, null, null ],
    [ null, null, null, null ],
    [ null, null, null, null ],
    [ null, null, null, null ],
    [ null, null, null, null ],
    [ null, null, null, null ],
    [ null, null, null, null ],
    [ null, null, null, null ],
    [ null, null, null, null ],
    [ null, null, null, null ],
    [ null, null, null, null ],
    [ null, null, null, null ],
    [ null, null, null, null ],
    [ null, null, null, null ],
    [ null, null, null, null ],
    [ null, null, null, null ],
    [ null, null, null, null ],
    [ null, null, null, null ],
    [ null, null, null, null ],
    [ null, null, null, null ],
    [ null, null, null, null ],
    [ null, null, null, null ],
    [ null, null, null, null ],
    [ null, null, null, null ],
    [ null, null, null, null ],
    [ null, null, null, null ],
    [ null, null, null, null ],
    [ null, null, null, null ],
    [ null, null, null, null ],
    [ null, null, null, null ],
    [ null, null, null, null ],
    [ null, null, null, null ],
    [ null, null, null, null ],
    [ null, null, null, null ],
    [ null, null, null, null ],
    [ null, null, null, null ],
    [ null, null, null, null ],
    [ null, null, null, null ],
    [ null, null, null, null ],
    [ null, null, null, null ],
    [ null, null, null, null ],
    [ null, null, null, null ],
    [ null, null, null, null ],
    [ null, null, null, null ],
    [ null, null, null, null ],
    [ null, null, null, null ],
    [ null, null, null, null ],
    [ null, null, null, null ],
    [ null, null, null, null ],
    [ null, null, null, null ],
    [ null, null, null, null ],
    [ null, null, null, null ],
    [ null, null, null, null ],
    [ null, null, null, null ],
    [ null, null, null, null ],
    [ null, null, null, null ],
    [ null, null, null, null ],
    [ null, null, null, null ],
    [ null, null, null, null ],
    [ null, null, null, null ],
    [ null, null, null, null ],
    [ null, null, null, null ],
    [ null, null, null, null ],
    [ null, null, null, null ],
    [ null, null, null, null ],
    [ null, null, null, null ],
    [ null, null, null, null ],
    [ null, null, null, null ],
    [ null, null, null, null ],
    [ null, null, null, null ],
    [ null, null, null, null ],
    [ null, null, null, null ],
    [ null, null, null, null ],
    [ null, null, null, null ],
    [ null, null, null, null ],
    [ null, null, null, null ],
    [ null, null, null, null ],
    [ null, null, null, null ],
    [ null, null, null, null ],
    [ null, null, null, null ],
    [ null, null, null, null ],
    [ null, null, null, null ],
    [ null, null, null, null ],
    [ null, null, null, null ],
    [ null, null, null, null ],
    [ null, null, null, null ],
    [ null, null, null, null ],
    [ null, null, null, null ],
    [ null, null, null, null ],
    [ null, null, null, null ],
    [ null, null, null, null ],
    [ null, null, null, null ],
    [ null, null, null, null ],
    [ null, null, null, null ],
    [ null, null, null, null ],
    [ null, null, null, null ],
    [ null, null, null, null ],
    [ null, null, null, null ],
    [ null, null, null, null ],
    [ null, null, null, null ],
    [ null, null, null, null ],
    [ null, null, null, null ],
    [ null, null, null, null ],
    [ null, null, null, null ],
    [ null, null, null, null ],
    [ null, null, null, null ],
    [ null, null, null, null ],
    [ null, null, null, null ],
    [ null, null, null, null ],
    [ null, null, null, null ],
    [ null, null, null, null ],
    [ null, null, null, null ],
    [ null, null, null, null ],
    [ null, null, null, null ],
    [ null, null, null, null ],
    [ null, null, null, null ],
    [ null, null, null, null ],
    [ null, null, null, null ],
    [ null, null, null, null ],
    [ null, null, null, null ],
    [ null, null, null, null ],
    [ null, null, null, null ],
    [ null, null, null, null ],
    [ null, null, null, null ],
    [ null, null, null, null ],
    [ null, null, null, null ],
    [ null, null, null, null ],
    [ null, null, null, null ],
    [ null, null, null, null ],
    [ null, null, null, null ],
    [ null, null, null, null ],
    [ null, null, null, null ],
    [ null, null, null, null ],
    [ null, null, null, null ],
    [ null, null, null, null ],
    [ null, null, null, null ],
    [ null, null, null, null ],
    [ null, null, null, null ],
    [ null, null, null, null ],
    [ null, null, null, null ],
    [ null, null, null, null ],
    [ null, null, null, null ],
    [ null, null, null, null ],
