{ "about": "RRDtool graph JSON output",
  "meta": {
    "start": 1684590720,
    "end": 1684677120,
    "step": 240,
    "legend": [
      "SSD read",
      "SSD write"
          ]
     },
  "data": [
    [ null, null ],
    [ 0.0000000000e+00, 3.4078513469e+01 ],
    [ 1.2500000000e-02, 3.4662358458e+01 ],
    [ 0.0000000000e+00, 3.7039430715e+01 ],
    [ 2.5000000000e-02, 3.2802224875e+01 ],
    [ 0.0000000000e+00, 3.9857276903e+01 ],
    [ 0.0000000000e+00, 3.2153954636e+01 ],
    [ 1.2500000000e-02, 3.6433057129e+01 ],
    [ 2.5700000000e+01, 3.9393923541e+01 ],
    [ 1.2500000000e-02, 4.2622934983e+01 ],
    [ 0.0000000000e+00, 3.2251429213e+01 ],
    [ 0.0000000000e+00, 3.8613786203e+01 ],
    [ 2.5000000000e-02, 4.0772646372e+01 ],
    [ 0.0000000000e+00, 3.1451862707e+01 ],
    [ 1.2500000000e-02, 3.9026056409e+01 ],
    [ 0.0000000000e+00, 2.4295091908e+01 ],
    [ 0.0000000000e+00, 3.2300967559e+01 ],
    [ 1.2500000000e-02, 3.0658444259e+01 ],
    [ 3.0666666667e+00, 3.6633780397e+01 ],
    [ 2.5000000000e-02, 3.1855811268e+01 ],
    [ 2.6666666667e-01, 4.3691099633e+01 ],
    [ 7.8693948049e-01, 3.4074921799e+01 ],
    [ null, null ],
    [ null, null ],
    [ null, null ],
    [ null, null ],
    [ null, null ],
    [ null, null ],
    [ null, null ],
    [ null, null ],
    [ null, null ],
    [ null, null ],
    [ null, null ],
    [ null, null ],
    [ null, null ],
    [ null, null ],
    [ null, null ],
    [ null, null ],
    [ null, null ],
    [ null, null ],
    [ null, null ],
    [ null, null ],
    [ null, null ],
    [ null, null ],
    [ null, null ],
    [ null, null ],
    [ null, null ],
    [ null, null ],
    [ null, null ],
    [ null, null ],
    [ null, null ],
    [ null, null ],
    [ null, null ],
    [ null, null ],
    [ null, null ],
    [ null, null ],
    [ null, null ],
    [ null, null ],
    [ null, null ],
    [ null, null ],
    [ null, null ],
    [ null, null ],
    [ null, null ],
    [ null, null ],
    [ null, null ],
    [ null, null ],
    [ null, null ],
    [ null, null ],
    [ null, null ],
    [ null, null ],
    [ null, null ],
    [ null, null ],
    [ null, null ],
    [ null, null ],
    [ null, null ],
    [ null, null ],
    [ null, null ],
    [ null, null ],
    [ null, null ],
    [ null, null ],
    [ null, null ],
    [ null, null ],
    [ null, null ],
    [ null, null ],
    [ null, null ],
    [ null, null ],
    [ null, null ],
    [ null, null ],
    [ null, null ],
    [ null, null ],
    [ null, null ],
    [ null, null ],
    [ null, null ],
    [ null, null ],
    [ null, null ],
    [ null, null ],
    [ null, null ],
    [ null, null ],
    [ null, null ],
    [ null, null ],
    [ null, null ],
    [ null, null ],
    [ null, null ],
    [ null, null ],
    [ null, null ],
    [ null, null ],
    [ null, null ],
    [ null, null ],
    [ null, null ],
    [ null, null ],
    [ null, null ],
    [ null, null ],
    [ null, null ],
    [ null, null ],
    [ null, null ],
    [ null, null ],
    [ null, null ],
    [ null, null ],
    [ null, null ],
    [ null, null ],
    [ null, null ],
    [ null, null ],
    [ null, null ],
    [ null, null ],
    [ null, null ],
    [ null, null ],
    [ null, null ],
    [ null, null ],
    [ null, null ],
    [ null, null ],
    [ null, null ],
    [ null, null ],
    [ null, null ],
    [ null, null ],
    [ null, null ],
    [ null, null ],
    [ null, null ],
    [ null, null ],
    [ null, null ],
    [ null, null ],
    [ null, null ],
    [ null, null ],
    [ null, null ],
    [ null, null ],
    [ null, null ],
    [ null, null ],
    [ null, null ],
    [ null, null ],
    [ null, null ],
    [ null, null ],
    [ null, null ],
    [ null, null ],
    [ null, null ],
    [ null, null ],
    [ null, null ],
    [ null, null ],
    [ null, null ],
    [ null, null ],
    [ null, null ],
    [ null, null ],
    [ null, null ],
    [ null, null ],
    [ null, null ],
    [ null, null ],
    [ null, null ],
    [ null, null ],
    [ null, null ],
    [ null, null ],
    [ null, null ],
    [ null, null ],
    [ null, null ],
    [ null, null ],
    [ null, null ],
    [ null, null ],
    [ null, null ],
    [ null, null ],
    [ null, null ],
    [ null, null ],
    [ null, null ],
    [ null, null ],
    [ null, null ],
    [ null, null ],
    [ null, null ],
    [ null, null ],
    [ null, null ],
    [ null, null ],
    [ null, null ],
    [ null, null ],
    [ null, null ],
    [ null, null ],
    [ null, null ],
    [ null, null ],
    [ null, null ],
    [ null, null ],
    [ null, null ],
    [ null, null ],
    [ null, null ],
    [ null, null ],
    [ null, null ],
    [ null, null ],
    [ null, null ],
    [ null, null ],
    [ null, null ],
    [ null, null ],
    [ null, null ],
    [ null, null ],
    [ null, null ],
    [ null, null ],
    [ null, null ],
    [ null, null ],
    [ null, null ],
    [ null, null ],
    [ null, null ],
    [ null, null ],
    [ null, null ],
    [ null, null ],
    [ null, null ],
    [ null, null ],
    [ null, null ],
    [ null, null ],
    [ null, null ],
    [ null, null ],
    [ null, null ],
    [ null, null ],
    [ null, null ],
    [ null, null ],
    [ null, null ],
    [ null, null ],
    [ null, null ],
    [ null, null ],
    [ null, null ],
    [ null, null ],
    [ null, null ],
    [ null, null ],
    [ null, null ],
    [ null, null ],
    [ null, null ],
    [ null, null ],
    [ null, null ],
    [ null, null ],
    [ null, null ],
    [ null, null ],
    [ null, null ],
    [ null, null ],
    [ null, null ],
    [ null, null ],
    [ null, null ],
    [ null, null ],
    [ null, null ],
    [ null, null ],
    [ null, null ],
    [ null, null ],
    [ null, null ],
    [ null, null ],
    [ null, null ],
    [ null, null ],
    [ null, null ],
    [ null, null ],
    [ null, null ],
    [ null, null ],
    [ null, null ],
    [ null, null ],
    [ null, null ],
    [ null, null ],
    [ null, null ],
    [ null, null ],
    [ null, null ],
    [ null, null ],
    [ null, null ],
    [ null, null ],
    [ null, null ],
    [ null, null ],
    [ null, null ],
    [ null, null ],
    [ null, null ],
    [ null, null ],
    [ null, null ],
    [ null, null ],
    [ null, null ],
    [ null, null ],
    [ null, null ],
    [ null, null ],
    [ null, null ],
    [ null, null ],
    [ null, null ],
    [ null, null ],
    [ null, null ],
    [ null, null ],
    [ null, null ],
    [ null, null ],
    [ null, null ],
    [ null, null ],
    [ null, null ],
    [ null, null ],
    [ null, null ],
    [ null, null ],
    [ null, null ],
    [ null, null ],
    [ null, null ],
    [ null, null ],
    [ null, null ],
    [ null, null ],
    [ null, null ],
    [ null, null ],
    [ null, null ],
    [ null, null ],
    [ null, null ],
    [ null, null ],
    [ null, null ],
    [ null, null ],
    [ null, null ],
    [ null, null ],
    [ null, null ],
    [ null, null ],
    [ null, null ],
    [ null, null ],
    [ null, null ],
    [ null, null ],
    [ null, null ],
    [ null, null ],
    [ null, null ],
    [ null, null ],
    [ null, null ],
    [ null, null ],
    [ null, null ],
    [ null, null ],
    [ null, null ],
    [ null, null ],
    [ null, null ],
    [ null, null ],
    [ null, null ],
    [ null, null ],
    [ null, null ],
    [ null, null ],
    [ null, null ],
    [ null, null ],
    [ null, null ],
    [ null, null ],
    [ null, null ],
    [ null, null ],
    [ null, null ],
    [ null, null ],
    [ null, null ],
    [ null, null ],
    [ null, null ],
    [ null, null ],
    [ null, null ],
    [ null, null ],
    [ null, null ],
    [ null, null ],
    [ null, null ],
    [ null, null ],
    [ null, null ],
    [ null, null ],
    [ null, null ],
    [ null, null ],
    [ null, null ],
    [ null, null ],
    [ null, null ],
    [ null, null ],
    [ null, null ]
  ]
}
