{ "about": "RRDtool graph JSON output",
  "meta": {
    "start": 1684590720,
    "end": 1684677120,
    "step": 240,
    "legend": [
      "CPU temp",
      "SSD temp"
          ]
     },
  "data": [
    [ null, null ],
    [ 4.8000000000e+01, 8.6000000000e+01 ],
    [ 4.8000000000e+01, 8.6000000000e+01 ],
    [ 4.8000000000e+01, 8.6000000000e+01 ],
    [ 4.8000000000e+01, 8.6000000000e+01 ],
    [ 4.8000000000e+01, 8.6000000000e+01 ],
    [ 4.8000000000e+01, 8.6000000000e+01 ],
    [ 4.8000000000e+01, 8.6000000000e+01 ],
    [ 4.8000000000e+01, 8.6000000000e+01 ],
    [ 4.8000000000e+01, 8.6000000000e+01 ],
    [ 4.8000000000e+01, 8.6000000000e+01 ],
    [ 4.8000000000e+01, 8.6000000000e+01 ],
    [ 4.8000000000e+01, 8.6000000000e+01 ],
    [ 4.8000000000e+01, 8.6000000000e+01 ],
    [ 4.8000000000e+01, 8.6000000000e+01 ],
    [ 4.8000000000e+01, 8.6000000000e+01 ],
    [ 4.8000000000e+01, 8.6000000000e+01 ],
    [ 4.7836006083e+01, 8.6000000000e+01 ],
    [ 4.8000000000e+01, 8.6000000000e+01 ],
    [ 4.8000000000e+01, 8.6000000000e+01 ],
    [ 4.8000000000e+01, 8.6000000000e+01 ],
    [ 4.8000000000e+01, 8.6000000000e+01 ],
    [ null, null ],
    [ null, null ],
    [ null, null ],
    [ null, null ],
    [ null, null ],
    [ null, null ],
    [ null, null ],
    [ null, null ],
    [ null, null ],
    [ null, null ],
    [ null, null ],
    [ null, null ],
    [ null, null ],
    [ null, null ],
    [ null, null ],
    [ null, null ],
    [ null, null ],
    [ null, null ],
    [ null, null ],
    [ null, null ],
    [ null, null ],
    [ null, null ],
    [ null, null ],
    [ null, null ],
    [ null, null ],
    [ null, null ],
    [ null, null ],
    [ null, null ],
    [ null, null ],
    [ null, null ],
    [ null, null ],
    [ null, null ],
    [ null, null ],
    [ null, null ],
    [ null, null ],
    [ null, null ],
    [ null, null ],
    [ null, null ],
    [ null, null ],
    [ null, null ],
    [ null, null ],
    [ null, null ],
    [ null, null ],
    [ null, null ],
    [ null, null ],
    [ null, null ],
    [ null, null ],
    [ null, null ],
    [ null, null ],
    [ null, null ],
    [ null, null ],
    [ null, null ],
    [ null, null ],
    [ null, null ],
    [ null, null ],
    [ null, null ],
    [ null, null ],
    [ null, null ],
    [ null, null ],
    [ null, null ],
    [ null, null ],
    [ null, null ],
    [ null, null ],
    [ null, null ],
    [ null, null ],
    [ null, null ],
    [ null, null ],
    [ null, null ],
    [ null, null ],
    [ null, null ],
    [ null, null ],
    [ null, null ],
    [ null, null ],
    [ null, null ],
    [ null, null ],
    [ null, null ],
    [ null, null ],
    [ null, null ],
    [ null, null ],
    [ null, null ],
    [ null, null ],
    [ null, null ],
    [ null, null ],
    [ null, null ],
    [ null, null ],
    [ null, null ],
    [ null, null ],
    [ null, null ],
    [ null, null ],
    [ null, null ],
    [ null, null ],
    [ null, null ],
    [ null, null ],
    [ null, null ],
    [ null, null ],
    [ null, null ],
    [ null, null ],
    [ null, null ],
    [ null, null ],
    [ null, null ],
    [ null, null ],
    [ null, null ],
    [ null, null ],
    [ null, null ],
    [ null, null ],
    [ null, null ],
    [ null, null ],
    [ null, null ],
    [ null, null ],
    [ null, null ],
    [ null, null ],
    [ null, null ],
    [ null, null ],
    [ null, null ],
    [ null, null ],
    [ null, null ],
    [ null, null ],
    [ null, null ],
    [ null, null ],
    [ null, null ],
    [ null, null ],
    [ null, null ],
    [ null, null ],
    [ null, null ],
    [ null, null ],
    [ null, null ],
    [ null, null ],
    [ null, null ],
    [ null, null ],
    [ null, null ],
    [ null, null ],
    [ null, null ],
    [ null, null ],
    [ null, null ],
    [ null, null ],
    [ null, null ],
    [ null, null ],
    [ null, null ],
    [ null, null ],
    [ null, null ],
    [ null, null ],
    [ null, null ],
    [ null, null ],
    [ null, null ],
    [ null, null ],
    [ null, null ],
    [ null, null ],
    [ null, null ],
    [ null, null ],
    [ null, null ],
    [ null, null ],
    [ null, null ],
    [ null, null ],
    [ null, null ],
    [ null, null ],
    [ null, null ],
    [ null, null ],
    [ null, null ],
    [ null, null ],
    [ null, null ],
    [ null, null ],
    [ null, null ],
    [ null, null ],
    [ null, null ],
    [ null, null ],
    [ null, null ],
    [ null, null ],
    [ null, null ],
    [ null, null ],
    [ null, null ],
    [ null, null ],
    [ null, null ],
    [ null, null ],
    [ null, null ],
    [ null, null ],
    [ null, null ],
    [ null, null ],
    [ null, null ],
    [ null, null ],
    [ null, null ],
    [ null, null ],
    [ null, null ],
    [ null, null ],
    [ null, null ],
    [ null, null ],
    [ null, null ],
    [ null, null ],
    [ null, null ],
    [ null, null ],
    [ null, null ],
    [ null, null ],
    [ null, null ],
    [ null, null ],
    [ null, null ],
    [ null, null ],
    [ null, null ],
    [ null, null ],
    [ null, null ],
    [ null, null ],
    [ null, null ],
    [ null, null ],
    [ null, null ],
    [ null, null ],
    [ null, null ],
    [ null, null ],
    [ null, null ],
    [ null, null ],
    [ null, null ],
    [ null, null ],
    [ null, null ],
    [ null, null ],
    [ null, null ],
    [ null, null ],
    [ null, null ],
    [ null, null ],
    [ null, null ],
    [ null, null ],
    [ null, null ],
    [ null, null ],
    [ null, null ],
    [ null, null ],
    [ null, null ],
    [ null, null ],
    [ null, null ],
    [ null, null ],
    [ null, null ],
    [ null, null ],
    [ null, null ],
    [ null, null ],
    [ null, null ],
    [ null, null ],
    [ null, null ],
    [ null, null ],
    [ null, null ],
    [ null, null ],
    [ null, null ],
    [ null, null ],
    [ null, null ],
    [ null, null ],
    [ null, null ],
    [ null, null ],
    [ null, null ],
    [ null, null ],
    [ null, null ],
    [ null, null ],
    [ null, null ],
    [ null, null ],
    [ null, null ],
    [ null, null ],
    [ null, null ],
    [ null, null ],
    [ null, null ],
    [ null, null ],
    [ null, null ],
    [ null, null ],
    [ null, null ],
    [ null, null ],
    [ null, null ],
    [ null, null ],
    [ null, null ],
    [ null, null ],
    [ null, null ],
    [ null, null ],
    [ null, null ],
    [ null, null ],
    [ null, null ],
    [ null, null ],
    [ null, null ],
    [ null, null ],
    [ null, null ],
    [ null, null ],
    [ null, null ],
    [ null, null ],
    [ null, null ],
    [ null, null ],
    [ null, null ],
    [ null, null ],
    [ null, null ],
    [ null, null ],
    [ null, null ],
    [ null, null ],
    [ null, null ],
    [ null, null ],
    [ null, null ],
    [ null, null ],
    [ null, null ],
    [ null, null ],
    [ null, null ],
    [ null, null ],
    [ null, null ],
    [ null, null ],
    [ null, null ],
    [ null, null ],
    [ null, null ],
    [ null, null ],
    [ null, null ],
    [ null, null ],
    [ null, null ],
    [ null, null ],
    [ null, null ],
    [ null, null ],
    [ null, null ],
    [ null, null ],
    [ null, null ],
    [ null, null ],
    [ null, null ],
    [ null, null ],
    [ null, null ],
    [ null, null ],
    [ null, null ],
    [ null, null ],
    [ null, null ],
    [ null, null ],
    [ null, null ],
    [ null, null ],
    [ null, null ],
    [ null, null ],
    [ null, null ],
    [ null, null ],
    [ null, null ],
    [ null, null ],
    [ null, null ],
    [ null, null ],
    [ null, null ],
    [ null, null ],
    [ null, null ],
    [ null, null ],
    [ null, null ],
    [ null, null ],
    [ null, null ],
    [ null, null ],
    [ null, null ],
    [ null, null ],
    [ null, null ],
    [ null, null ],
    [ null, null ],
    [ null, null ],
    [ null, null ],
    [ null, null ]
  ]
}
